LR,SVC
0.975100929571,0.959762716705
0.977530046906,0.972038748119
0.985077574439,0.982705468706
0.985669589954,0.973085031808
0.984721102965,0.978930797597
0.971332078954,0.970495338961
