LR,SVC
0.975100943023,0.959762662782
0.977530079536,0.972038740595
0.985077375912,0.982705452257
0.985669607733,0.973085019978
0.984721181041,0.978930837129
0.971332039526,0.970495348478
