LR,SVC
0.975100862138,0.959762703224
0.977529984134,0.972038773235
0.985077413499,0.982705480451
0.985669637503,0.973085002107
0.984721655181,0.978930718285
0.971332131977,0.970495341681
