LR,SVC
0.975100916205,0.959762716762
0.977530001705,0.972038753146
0.985077412345,0.982705480451
0.985669673176,0.973084966389
0.984720628824,0.978930757817
0.97133199602,0.970495337601
