LR,SVC
0.97510097007,0.959762622224
0.977530102128,0.972038745609
0.985077429958,0.982705448732
0.985669566156,0.973084954423
0.984720707889,0.978930639468
0.971331989222,0.970495340321
