LR,SGD,SVC
0.971697792954,0.950638605973,0.883643356959
0.976448538357,0.971260417083,0.964804133235
0.982531437797,0.980382239997,0.97657554533
0.984118253839,0.967162771193,0.908418564713
0.986276417047,0.9750265647,0.951449865199
0.970544596812,0.967164201973,0.958672965351
